G,realm_1,stage_1,factorial_1,grid_desc,input_1,process_1,output_1,kpi_id,metric_name,target_value,method,category,factorial_2,factorial_3,factorial_4,factorial_5,realm_2,stage_2,input_2,input_3,output_2
header,Science,Computer,CS Concept,"Life Application [DATA, OPTI, LOAD]",data: a*10^B???3,,,,(KPI) Metric Name,KPI Target,KPI Method,,Killer Feature,,cs4,cs5,,,,,
z,VOID,NULL,Null,"Purpose discovery, identity crisis",0,,,,Latency Action,,,,Purpose Discovery,,Không trị,空值,,,,,
0,POINT,BOOT,BIOS,"Activation energy, procrastination",1,,,,Activation Time,,,,Energy Priming,,Căn bản,基本,,,,,
1,BOT,RUNTIME,Syntax,"Habits, communication patterns","1,000",,,,Signal-Noise Ratio,,,,Auto-Grammar,,Ngữ pháp,语法,,,,,
2,BOT,RUNTIME,Variable,"Identity flexibility, growth mindset","3,000",,,,Type Flexibility,,,,Identity Shifting,,Biến lượng,变量,,,,,
3,BOT,RUNTIME,Loops,"Feedback cycles, habit stacking","10,000",,,,Cycle Time,,,,Behavioral Loop,,Tuần hoàn,循环,,,,,
4,BOT,INTERFACE,Memory,"Knowledge management, second brain","100,000",,,,Cache Hit Rate,,,,Smart Retrieval,,Nội tồn,内存,,,,,
5,BOT,INTERFACE,Logic,"Decision-making, mental models, dp/da","300,000",,,,Decision Precision,,,,Bias Detection,,La tập,逻辑,,,,,
6,BOT,INTERFACE,I/O,"Deep work, boundaries, throughput","1,000,000",,,,Throughput Rate,,,,Port Filtering,,Nhập xuất,入出,,,,,
7,BOT,ENCAPSULE,Object,"Goals, encapsulation, integrity","10,000,000",,,,Modular Density,,,,Self-Encapsulation,,Đối tượng,对象,,,,,
8,BOT,ENCAPSULE,Inherit,"Skill transfer, legacy patterns","30,000,000",,,,Transfer Efficiency,,,,Heritage Bridge,,Kế thừa,继承,,,,,
9,BOT,ENCAPSULE,Thread,"Flow state, focus, parallel execution","100,000,000",,,,Thread Utilization,,,,Flow State Lock,,Tuyến trình,线程,,,,,
10,MID,VIRTUAL,Virtual,"Shadow work, imposter syndrome","1,000,000,000",,,,Scope Isolation,,,,Reality Shield,,Hư nghĩ,虚拟,,,,,
11,MID,VIRTUAL,Cloud,"Networks, mastermind groups, scaling","3,000,000,000",,,,Node Connectivity,,,,Global Scaling,,Vân đoan,云端,,,,,
12,MID,VIRTUAL,Server,"Self-sovereignty, internal hosting","10,000,000,000",,,,Uptime Percentage,,,,Autonomy Engine,,Phục vụ,服务,,,,,
13,MID,ALGO,Access,"Social capital, networking","100,000,000,000",,,,Access Latency,,,,Key Access,,Phỏng vấn,访问,,,,,
14,MID,ALGO,Algorithms,"80/20, optimization, efficiency","300,000,000,000",,,,Big O Complexity,,,,Pareto Optimizer,,Toán pháp,算法,,,,,
15,MID,ALGO,Database,"Personal CRM, life dashboard","1,000,000,000,000",,,,Query Speed,,,,Insight Query,,Sổ cứ,数据,,,,,
16,MID,STRUCTURE,Low-level,"Biohacking, body as hardware","10,000,000,000,000",,,,Bio-Latency,,,,Primal Hack,,Đế tầng,底层,,,,,
17,MID,STRUCTURE,Locking,"Trauma release, letting go","30,000,000,000,000",,,,Release Velocity,,,,Lock Breaker,,Toả định,锁定,,,,,
18,MID,STRUCTURE,SuperCom,"High performance, mental throughput","100,000,000,000,000",,,,Compute Power,,,,Super-Admin Mode,,Siêu cơ,超机,,,,,
19,TOP,KERNEL,Compiler,"Integrity audit, value-action alignment","1,000,000,000,000,000",,,,Validation Accuracy,,,,Truth Verifier,,Biên dịch,编译,,,,,
20,TOP,KERNEL,Kernel,"Core values, discipline, stability","3,000,000,000,000,000",,,,Core Stability,,,,Engine Stability,,Nội hạch,内核,,,,,
21,TOP,KERNEL,Root,"Extreme ownership, self-mastery","10,000,000,000,000,000",,,,Agency Level,,,,Root Authority,,Căn quyền,根权,,,,,
22,TOP,SOURCE,Quantum,"Paradox tolerance, antifragility","100,000,000,000,000,000",,,,Probability Spread,,,,Multi-state View,,Lượng tử,量子,,,,,
23,TOP,SOURCE,Error,"Minimalism, detox, garbage collection","300,000,000,000,000,000",,,,Garbage Volume,,,,Auto-Cleanup,,Thác ngộ,错误,,,,,
24,TOP,SOURCE,Source,"First principles, reverse engineering","1,000,000,000,000,000,000",,,,Source Integrity,,,,Source Access,,Nguyên mã,源码,,,,,
25,TOP,SINGUALAR,Merge,"Life integration, unified self","10,000,000,000,000,000,000",,,,Integration Score,,,,Singleton Unity,,Hợp tịnh,合并,,,,,
26,TOP,SINGUALAR,Encrypt,"Inner security, psychological safety","30,000,000,000,000,000,000",,,,Encryption Strength,,,,Immutable Proof,,Gia mật,加密,,,,,
27,TOP,SINGUALAR,Admin,"Exit strategies, letting go","100,000,000,000,000,000,000",,,,Deallocation Rate,,,,Memory Release,,Quản lý,管理,,,,,
28,ABS,META,Hidden,"Stealth power, invisible mastery",10^Inf,,,,Abstraction Level,,,,Stealth Impact,,Ẩn tàng,隐藏,,,,,
29,ABS,META,Anonymous,"Wu-wei, autonomous flow",Inf^Inf,,,,Self-Update Rate,,,,Self-Mod Engine,,Nặc danh,匿名,,,,,
30,ABS,META,No Code,"Essentialism, effortless action",NaN,,,,Simplicity Ratio,,,,Pure Execution,,Vô mã,无码,,,,,
